Size,OpenCL Time,Python Time
512,0.085461752,1.4402129650115967
712,0.20590381100000002,2.7993180751800537
Average time per video frame:,0.10598123133333333
